GSM2817384,w1118_dpse_dvir_WB_m_r4.ERCC,synthetic,construct,RNA-Seq,SRR6181185,SRR7244003
GSM2817383,w1118_dpse_dvir_WB_f_r4.ERCC,synthetic,construct,RNA-Seq,SRR6181184,SRR7244002
GSM2817382,w1118_dpse_dvir_TX_m_r4.ERCC,synthetic,construct,RNA-Seq,SRR6181183,SRR7244001
GSM2817381,w1118_dpse_dvir_TX_f_r4.ERCC,synthetic,construct,RNA-Seq,SRR6181182,SRR7244000
GSM2817380,w1118_dpse_dvir_RE_m_r4.ERCC,synthetic,construct,RNA-Seq,SRR6181181,SRR7243999
GSM2817379,w1118_dpse_dvir_RE_f_r4.ERCC,synthetic,construct,RNA-Seq,SRR6181180,SRR7243998
GSM2817378,w1118_dpse_dvir_HD_m_r4.ERCC,synthetic,construct,RNA-Seq,SRR6181179,SRR7243997
GSM2817377,w1118_dpse_dvir_HD_f_r4.ERCC,synthetic,construct,RNA-Seq,SRR6181178,SRR7243996
GSM2817376,w1118_dpse_dvir_GO_m_r4.ERCC,synthetic,construct,RNA-Seq,SRR6181177,SRR7243995
GSM2817375,w1118_dpse_dvir_GO_f_r4.ERCC,synthetic,construct,RNA-Seq,SRR6181176,SRR7243994
GSM2817374,w1118_dpse_dvir_DG_m_r4.ERCC,synthetic,construct,RNA-Seq,SRR6181175,SRR7243993
GSM2817373,w1118_dpse_dvir_DG_f_r4.ERCC,synthetic,construct,RNA-Seq,SRR6181174,SRR7243992
GSM2817372,w1118_dpse_dvir_AC_m_r4.ERCC,synthetic,construct,RNA-Seq,SRR6181173,SRR7243991
GSM2817371,w1118_dpse_dvir_AC_f_r4.ERCC,synthetic,construct,RNA-Seq,SRR6181172,SRR7243990
GSM2817370,orgR_dmoj_dper_WB_m_r4.ERCC,synthetic,construct,RNA-Seq,SRR6181171,SRR7243989
GSM2817369,orgR_dmoj_dper_WB_f_r4.ERCC,synthetic,construct,RNA-Seq,SRR6181170,SRR7243988
GSM2817368,orgR_dmoj_dper_TX_m_r4.ERCC,synthetic,construct,RNA-Seq,SRR6181169,SRR7243987
GSM2817367,orgR_dmoj_dper_TX_f_r4.ERCC,synthetic,construct,RNA-Seq,SRR6181168,SRR7243986
GSM2817366,orgR_dmoj_dper_RE_m_r4.ERCC,synthetic,construct,RNA-Seq,SRR6181167,SRR7243985
GSM2817365,orgR_dmoj_dper_RE_f_r4.ERCC,synthetic,construct,RNA-Seq,SRR6181166,SRR7243984
GSM2817364,orgR_dmoj_dper_HD_m_r4.ERCC,synthetic,construct,RNA-Seq,SRR6181165,SRR7243983
GSM2817363,orgR_dmoj_dper_HD_f_r4.ERCC,synthetic,construct,RNA-Seq,SRR6181164,SRR7243982
GSM2817362,orgR_dmoj_dper_GO_m_r4.ERCC,synthetic,construct,RNA-Seq,SRR6181163,SRR7243981
GSM2817361,orgR_dmoj_dper_GO_f_r4.ERCC,synthetic,construct,RNA-Seq,SRR6181162,SRR7243980
GSM2817360,orgR_dmoj_dper_DG_m_r4.ERCC,synthetic,construct,RNA-Seq,SRR6181161,SRR7243979
GSM2817359,orgR_dmoj_dper_DG_f_r4.ERCC,synthetic,construct,RNA-Seq,SRR6181160,SRR7243978
GSM2817358,orgR_dmoj_dper_AC_m_r4.ERCC,synthetic,construct,RNA-Seq,SRR6181159,SRR7243977
GSM2817357,orgR_dmoj_dper_AC_f_r4.ERCC,synthetic,construct,RNA-Seq,SRR6181158,SRR7243976
GSM2817356,dwil_dana_dyak_WB_m_r4.ERCC,synthetic,construct,RNA-Seq,SRR6181157,SRR7243975
GSM2817355,dwil_dana_dyak_WB_f_r4.ERCC,synthetic,construct,RNA-Seq,SRR6181156,SRR7243974
GSM2817354,dwil_dana_dyak_TX_m_r4.ERCC,synthetic,construct,RNA-Seq,SRR6181155,SRR7243973
GSM2817353,dwil_dana_dyak_TX_f_r4.ERCC,synthetic,construct,RNA-Seq,SRR6181154,SRR7243972
GSM2817352,dwil_dana_dyak_RE_m_r4.ERCC,synthetic,construct,RNA-Seq,SRR6181153,SRR7243971
GSM2817351,dwil_dana_dyak_RE_f_r4.ERCC,synthetic,construct,RNA-Seq,SRR6181152,SRR7243970
GSM2817350,dwil_dana_dyak_HD_m_r4.ERCC,synthetic,construct,RNA-Seq,SRR6181151,SRR7243969
GSM2817349,dwil_dana_dyak_HD_f_r4.ERCC,synthetic,construct,RNA-Seq,SRR6181150,SRR7243968
GSM2817348,dwil_dana_dyak_GO_m_r4.ERCC,synthetic,construct,RNA-Seq,SRR6181149,SRR7243967
GSM2817347,dwil_dana_dyak_GO_f_r4.ERCC,synthetic,construct,RNA-Seq,SRR6181148,SRR7243966
GSM2817346,dwil_dana_dyak_DG_m_r4.ERCC,synthetic,construct,RNA-Seq,SRR6181147,SRR7243965
GSM2817345,dwil_dana_dyak_DG_f_r4.ERCC,synthetic,construct,RNA-Seq,SRR6181146,SRR7243964
GSM2817344,dwil_dana_dyak_AC_m_r4.ERCC,synthetic,construct,RNA-Seq,SRR6181145,SRR7243963
GSM2817343,dwil_dana_dyak_AC_f_r4.ERCC,synthetic,construct,RNA-Seq,SRR6181144,SRR7243962
GSM2817342,w1118_WB_m_r4,Drosophila,melanogaster,RNA-Seq,SRR6181143,SRR7243961
GSM2817341,w1118_WB_f_r4,Drosophila,melanogaster,RNA-Seq,SRR6181142,SRR7243960
GSM2817340,w1118_TX_m_r4,Drosophila,melanogaster,RNA-Seq,SRR6181141,SRR7243959
GSM2817339,w1118_TX_f_r4,Drosophila,melanogaster,RNA-Seq,SRR6181140,SRR7243958
GSM2817338,w1118_RE_m_r4,Drosophila,melanogaster,RNA-Seq,SRR6181139,SRR7243957
GSM2817337,w1118_RE_f_r4,Drosophila,melanogaster,RNA-Seq,SRR6181138,SRR7243956
GSM2817336,w1118_HD_m_r4,Drosophila,melanogaster,RNA-Seq,SRR6181137,SRR7243955
GSM2817335,w1118_HD_f_r4,Drosophila,melanogaster,RNA-Seq,SRR6181136,SRR7243954
GSM2817334,w1118_GO_m_r4,Drosophila,melanogaster,RNA-Seq,SRR6181135,SRR7243953
GSM2817333,w1118_GO_f_r4,Drosophila,melanogaster,RNA-Seq,SRR6181134,SRR7243952
GSM2817332,w1118_GE_m_r4,Drosophila,melanogaster,RNA-Seq,SRR6181133,SRR7243951
GSM2817331,w1118_GE_f_r4,Drosophila,melanogaster,RNA-Seq,SRR6181132,SRR7243950
GSM2817330,w1118_DG_m_r4,Drosophila,melanogaster,RNA-Seq,SRR6181131,SRR7243949
GSM2817329,w1118_DG_f_r4,Drosophila,melanogaster,RNA-Seq,SRR6181130,SRR7243948
GSM2817328,w1118_AC_m_r4,Drosophila,melanogaster,RNA-Seq,SRR6181129,SRR7243947
GSM2817327,w1118_AC_f_r4,Drosophila,melanogaster,RNA-Seq,SRR6181128,SRR7243946
GSM2817326,orgR_WB_m_r4,Drosophila,melanogaster,RNA-Seq,SRR6181127,SRR7243945
GSM2817325,orgR_WB_f_r4,Drosophila,melanogaster,RNA-Seq,SRR6181126,SRR7243944
GSM2817324,orgR_TX_m_r4,Drosophila,melanogaster,RNA-Seq,SRR6181125,SRR7243943
GSM2817323,orgR_TX_f_r4,Drosophila,melanogaster,RNA-Seq,SRR6181124,SRR7243942
GSM2817322,orgR_RE_m_r4,Drosophila,melanogaster,RNA-Seq,SRR6181123,SRR7243941
GSM2817321,orgR_RE_f_r4,Drosophila,melanogaster,RNA-Seq,SRR6181122,SRR7243940
GSM2817320,orgR_HD_m_r4,Drosophila,melanogaster,RNA-Seq,SRR6181121,SRR7243939
GSM2817319,orgR_HD_f_r4,Drosophila,melanogaster,RNA-Seq,SRR6181120,SRR7243938
GSM2817318,orgR_GO_m_r4,Drosophila,melanogaster,RNA-Seq,SRR6181119,SRR7243937
GSM2817317,orgR_GO_f_r4,Drosophila,melanogaster,RNA-Seq,SRR6181118,SRR7243936
GSM2817316,orgR_GE_m_r4,Drosophila,melanogaster,RNA-Seq,SRR6181117,SRR7243935
GSM2817315,orgR_GE_f_r4,Drosophila,melanogaster,RNA-Seq,SRR6181116,SRR7243934
GSM2817314,orgR_DG_m_r4,Drosophila,melanogaster,RNA-Seq,SRR6181115,SRR7243933
GSM2817313,orgR_DG_f_r4,Drosophila,melanogaster,RNA-Seq,SRR6181114,SRR7243932
GSM2817312,orgR_AC_m_r4,Drosophila,melanogaster,RNA-Seq,SRR6181113,SRR7243931
GSM2817311,orgR_AC_f_r4,Drosophila,melanogaster,RNA-Seq,SRR6181112,SRR7243930
GSM2817310,dyak_WB_m_r4,Drosophila,yakuba,RNA-Seq,SRR6181111,SRR7243929
GSM2817309,dyak_WB_f_r4,Drosophila,yakuba,RNA-Seq,SRR6181110,SRR7243928
GSM2817308,dyak_TX_m_r4,Drosophila,yakuba,RNA-Seq,SRR6181109,SRR7243927
GSM2817307,dyak_TX_f_r4,Drosophila,yakuba,RNA-Seq,SRR6181108,SRR7243926
GSM2817306,dyak_RE_m_r4,Drosophila,yakuba,RNA-Seq,SRR6181107,SRR7243925
GSM2817305,dyak_RE_f_r4,Drosophila,yakuba,RNA-Seq,SRR6181106,SRR7243924
GSM2817304,dyak_HD_m_r4,Drosophila,yakuba,RNA-Seq,SRR6181105,SRR7243923
GSM2817303,dyak_HD_f_r4,Drosophila,yakuba,RNA-Seq,SRR6181104,SRR7243922
GSM2817302,dyak_GO_m_r4,Drosophila,yakuba,RNA-Seq,SRR6181103,SRR7243921
GSM2817301,dyak_GO_f_r4,Drosophila,yakuba,RNA-Seq,SRR6181102,SRR7243920
GSM2817300,dyak_DG_m_r4,Drosophila,yakuba,RNA-Seq,SRR6181101,SRR7243919
GSM2817299,dyak_DG_f_r4,Drosophila,yakuba,RNA-Seq,SRR6181100,SRR7243918
GSM2817298,dyak_AC_m_r4,Drosophila,yakuba,RNA-Seq,SRR6181099,SRR7243917
GSM2817297,dyak_AC_f_r4,Drosophila,yakuba,RNA-Seq,SRR6181098,SRR7243916
GSM2817296,dwil_WB_m_r4,Drosophila,willistoni,RNA-Seq,SRR6181097,SRR7243915
GSM2817295,dwil_WB_f_r4,Drosophila,willistoni,RNA-Seq,SRR6181096,SRR7243914
GSM2817294,dwil_TX_m_r4,Drosophila,willistoni,RNA-Seq,SRR6181095,SRR7243913
GSM2817293,dwil_TX_f_r4,Drosophila,willistoni,RNA-Seq,SRR6181094,SRR7243912
GSM2817292,dwil_RE_m_r4,Drosophila,willistoni,RNA-Seq,SRR6181093,SRR7243911
GSM2817291,dwil_RE_f_r4,Drosophila,willistoni,RNA-Seq,SRR6181092,SRR7243910
GSM2817290,dwil_HD_m_r4,Drosophila,willistoni,RNA-Seq,SRR6181091,SRR7243909
GSM2817289,dwil_HD_f_r4,Drosophila,willistoni,RNA-Seq,SRR6181090,SRR7243908
GSM2817288,dwil_GO_m_r4,Drosophila,willistoni,RNA-Seq,SRR6181089,SRR7243907
GSM2817287,dwil_GO_f_r4,Drosophila,willistoni,RNA-Seq,SRR6181088,SRR7243906
GSM2817286,dwil_DG_m_r4,Drosophila,willistoni,RNA-Seq,SRR6181087,SRR7243905
GSM2817285,dwil_DG_f_r4,Drosophila,willistoni,RNA-Seq,SRR6181086,SRR7243904
GSM2817284,dwil_AC_m_r4,Drosophila,willistoni,RNA-Seq,SRR6181085,SRR7243903
GSM2817283,dwil_AC_f_r4,Drosophila,willistoni,RNA-Seq,SRR6181084,SRR7243902
GSM2817282,dvir_WB_m_r4,Drosophila,virilis,RNA-Seq,SRR6181083,SRR7243901
GSM2817281,dvir_WB_f_r4,Drosophila,virilis,RNA-Seq,SRR6181082,SRR7243900
GSM2817280,dvir_TX_m_r4,Drosophila,virilis,RNA-Seq,SRR6181081,SRR7243899
GSM2817279,dvir_TX_f_r4,Drosophila,virilis,RNA-Seq,SRR6181080,SRR7243898
GSM2817278,dvir_RE_m_r4,Drosophila,virilis,RNA-Seq,SRR6181079,SRR7243897
GSM2817277,dvir_RE_f_r4,Drosophila,virilis,RNA-Seq,SRR6181078,SRR7243896
GSM2817276,dvir_HD_m_r4,Drosophila,virilis,RNA-Seq,SRR6181077,SRR7243895
GSM2817275,dvir_HD_f_r4,Drosophila,virilis,RNA-Seq,SRR6181076,SRR7243894
GSM2817274,dvir_GO_m_r4,Drosophila,virilis,RNA-Seq,SRR6181075,SRR7243893
GSM2817273,dvir_GO_f_r4,Drosophila,virilis,RNA-Seq,SRR6181074,SRR7243892
GSM2817272,dvir_DG_m_r4,Drosophila,virilis,RNA-Seq,SRR6181073,SRR7243891
GSM2817271,dvir_DG_f_r4,Drosophila,virilis,RNA-Seq,SRR6181072,SRR7243890
GSM2817270,dvir_AC_m_r4,Drosophila,virilis,RNA-Seq,SRR6181071,SRR7243889
GSM2817269,dvir_AC_f_r4,Drosophila,virilis,RNA-Seq,SRR6181070,SRR7243888
GSM2817268,dpse_WB_m_r4,Drosophila,pseudoobscura,RNA-Seq,SRR6181069,SRR7243887
GSM2817267,dpse_WB_f_r4,Drosophila,pseudoobscura,RNA-Seq,SRR6181068,SRR7243886
GSM2817266,dpse_TX_m_r4,Drosophila,pseudoobscura,RNA-Seq,SRR6181067,SRR7243885
GSM2817265,dpse_TX_f_r4,Drosophila,pseudoobscura,RNA-Seq,SRR6181066,SRR7243884
GSM2817264,dpse_RE_m_r4,Drosophila,pseudoobscura,RNA-Seq,SRR6181065,SRR7243883
GSM2817263,dpse_RE_f_r4,Drosophila,pseudoobscura,RNA-Seq,SRR6181064,SRR7243882
GSM2817262,dpse_HD_m_r4,Drosophila,pseudoobscura,RNA-Seq,SRR6181063,SRR7243881
GSM2817261,dpse_HD_f_r4,Drosophila,pseudoobscura,RNA-Seq,SRR6181062,SRR7243880
GSM2817260,dpse_GO_m_r4,Drosophila,pseudoobscura,RNA-Seq,SRR6181061,SRR7243879
GSM2817259,dpse_GO_f_r4,Drosophila,pseudoobscura,RNA-Seq,SRR6181060,SRR7243878
GSM2817258,dpse_DG_m_r4,Drosophila,pseudoobscura,RNA-Seq,SRR6181059,SRR7243877
GSM2817257,dpse_DG_f_r4,Drosophila,pseudoobscura,RNA-Seq,SRR6181058,SRR7243876
GSM2817256,dpse_AC_m_r4,Drosophila,pseudoobscura,RNA-Seq,SRR6181057,SRR7243875
GSM2817255,dpse_AC_f_r4,Drosophila,pseudoobscura,RNA-Seq,SRR6181056,SRR7243874
GSM2817254,dper_WB_m_r4,Drosophila,persimilis,RNA-Seq,SRR6181055,SRR7243873
GSM2817253,dper_WB_f_r4,Drosophila,persimilis,RNA-Seq,SRR6181054,SRR7243872
GSM2817252,dper_TX_m_r4,Drosophila,persimilis,RNA-Seq,SRR6181053,SRR7243871
GSM2817251,dper_TX_f_r4,Drosophila,persimilis,RNA-Seq,SRR6181052,SRR7243870
GSM2817250,dper_RE_m_r4,Drosophila,persimilis,RNA-Seq,SRR6181051,SRR7243869
GSM2817249,dper_RE_f_r4,Drosophila,persimilis,RNA-Seq,SRR6181050,SRR7243868
GSM2817248,dper_HD_m_r4,Drosophila,persimilis,RNA-Seq,SRR6181049,SRR7243867
GSM2817247,dper_HD_f_r4,Drosophila,persimilis,RNA-Seq,SRR6181048,SRR7243866
GSM2817246,dper_GO_m_r4,Drosophila,persimilis,RNA-Seq,SRR6181047,SRR7243865
GSM2817245,dper_GO_f_r4,Drosophila,persimilis,RNA-Seq,SRR6181046,SRR7243864
GSM2817244,dper_DG_m_r4,Drosophila,persimilis,RNA-Seq,SRR6181045,SRR7243863
GSM2817243,dper_DG_f_r4,Drosophila,persimilis,RNA-Seq,SRR6181044,SRR7243862
GSM2817242,dper_AC_m_r4,Drosophila,persimilis,RNA-Seq,SRR6181043,SRR7243861
GSM2817241,dper_AC_f_r4,Drosophila,persimilis,RNA-Seq,SRR6181042,SRR7243860
GSM2817240,dmoj_WB_m_r4,Drosophila,mojavensis,RNA-Seq,SRR6181041,SRR7243859
GSM2817239,dmoj_WB_f_r4,Drosophila,mojavensis,RNA-Seq,SRR6181040,SRR7243858
GSM2817238,dmoj_TX_m_r4,Drosophila,mojavensis,RNA-Seq,SRR6181039,SRR7243857
GSM2817237,dmoj_TX_f_r4,Drosophila,mojavensis,RNA-Seq,SRR6181038,SRR7243856
GSM2817236,dmoj_RE_m_r4,Drosophila,mojavensis,RNA-Seq,SRR6181037,SRR7243855
GSM2817235,dmoj_RE_f_r4,Drosophila,mojavensis,RNA-Seq,SRR6181036,SRR7243854
GSM2817234,dmoj_HD_m_r4,Drosophila,mojavensis,RNA-Seq,SRR6181035,SRR7243853
GSM2817233,dmoj_HD_f_r4,Drosophila,mojavensis,RNA-Seq,SRR6181034,SRR7243852
GSM2817232,dmoj_GO_m_r4,Drosophila,mojavensis,RNA-Seq,SRR6181033,SRR7243851
GSM2817231,dmoj_GO_f_r4,Drosophila,mojavensis,RNA-Seq,SRR6181032,SRR7243850
GSM2817230,dmoj_DG_m_r4,Drosophila,mojavensis,RNA-Seq,SRR6181031,SRR7243849
GSM2817229,dmoj_DG_f_r4,Drosophila,mojavensis,RNA-Seq,SRR6181030,SRR7243848
GSM2817228,dmoj_AC_m_r4,Drosophila,mojavensis,RNA-Seq,SRR6181029,SRR7243847
GSM2817227,dmoj_AC_f_r4,Drosophila,mojavensis,RNA-Seq,SRR6181028,SRR7243846
GSM2817226,dana_WB_m_r4,Drosophila,ananassae,RNA-Seq,SRR6181027,SRR7243845
GSM2817225,dana_WB_f_r4,Drosophila,ananassae,RNA-Seq,SRR6181026,SRR7243844
GSM2817224,dana_TX_m_r4,Drosophila,ananassae,RNA-Seq,SRR6181025,SRR7243843
GSM2817223,dana_TX_f_r4,Drosophila,ananassae,RNA-Seq,SRR6181024,SRR7243842
GSM2817222,dana_RE_m_r4,Drosophila,ananassae,RNA-Seq,SRR6181023,SRR7243841
GSM2817221,dana_RE_f_r4,Drosophila,ananassae,RNA-Seq,SRR6181022,SRR7243840
GSM2817220,dana_HD_m_r4,Drosophila,ananassae,RNA-Seq,SRR6181021,SRR7243839
GSM2817219,dana_HD_f_r4,Drosophila,ananassae,RNA-Seq,SRR6181020,SRR7243838
GSM2817218,dana_GO_m_r4,Drosophila,ananassae,RNA-Seq,SRR6181019,SRR7243837
GSM2817217,dana_GO_f_r4,Drosophila,ananassae,RNA-Seq,SRR6181018,SRR7243836
GSM2817216,dana_DG_m_r4,Drosophila,ananassae,RNA-Seq,SRR6181017,SRR7243835
GSM2817215,dana_DG_f_r4,Drosophila,ananassae,RNA-Seq,SRR6181016,SRR7243834
GSM2817214,dana_AC_m_r4,Drosophila,ananassae,RNA-Seq,SRR6181015,SRR7243833
GSM2817213,dana_AC_f_r4,Drosophila,ananassae,RNA-Seq,SRR6181014,SRR7243832
GSM2647475,w1118_dpse_dvir_WB_m_r3.ERCC,synthetic,construct,RNA-Seq,SRR7243705,SRR5639784
GSM2647474,w1118_dpse_dvir_WB_m_r2.ERCC,synthetic,construct,RNA-Seq,SRR7243704,SRR5639783
GSM2647473,w1118_dpse_dvir_WB_m_r1.ERCC,synthetic,construct,RNA-Seq,SRR7243703,SRR5639782
GSM2647472,w1118_dpse_dvir_WB_f_r3.ERCC,synthetic,construct,RNA-Seq,SRR7243702,SRR5639781
GSM2647471,w1118_dpse_dvir_WB_f_r2.ERCC,synthetic,construct,RNA-Seq,SRR7243701,SRR5639780
GSM2647470,w1118_dpse_dvir_WB_f_r1.ERCC,synthetic,construct,RNA-Seq,SRR7243700,SRR5639779
GSM2647469,w1118_dpse_dvir_TX_m_r3.ERCC,synthetic,construct,RNA-Seq,SRR7243699,SRR5639778
GSM2647468,w1118_dpse_dvir_TX_m_r2.ERCC,synthetic,construct,RNA-Seq,SRR7243698,SRR5639777
GSM2647467,w1118_dpse_dvir_TX_m_r1.ERCC,synthetic,construct,RNA-Seq,SRR7243697,SRR5639776
GSM2647466,w1118_dpse_dvir_TX_f_r3.ERCC,synthetic,construct,RNA-Seq,SRR7243696,SRR5639775
GSM2647465,w1118_dpse_dvir_TX_f_r2.ERCC,synthetic,construct,RNA-Seq,SRR7243695,SRR5639774
GSM2647464,w1118_dpse_dvir_TX_f_r1.ERCC,synthetic,construct,RNA-Seq,SRR7243694,SRR5639773
GSM2647463,w1118_dpse_dvir_RE_m_r3.ERCC,synthetic,construct,RNA-Seq,SRR7243693,SRR5639772
GSM2647462,w1118_dpse_dvir_RE_m_r2.ERCC,synthetic,construct,RNA-Seq,SRR7243692,SRR5639771
GSM2647461,w1118_dpse_dvir_RE_m_r1.ERCC,synthetic,construct,RNA-Seq,SRR7243691,SRR5639770
GSM2647460,w1118_dpse_dvir_RE_f_r3.ERCC,synthetic,construct,RNA-Seq,SRR7243690,SRR5639769
GSM2647459,w1118_dpse_dvir_RE_f_r2.ERCC,synthetic,construct,RNA-Seq,SRR7243689,SRR5639768
GSM2647458,w1118_dpse_dvir_RE_f_r1.ERCC,synthetic,construct,RNA-Seq,SRR7243688,SRR5639767
GSM2647457,w1118_dpse_dvir_HD_m_r3.ERCC,synthetic,construct,RNA-Seq,SRR7243687,SRR5639766
GSM2647456,w1118_dpse_dvir_HD_m_r2.ERCC,synthetic,construct,RNA-Seq,SRR7243686,SRR5639765
GSM2647455,w1118_dpse_dvir_HD_m_r1.ERCC,synthetic,construct,RNA-Seq,SRR7243685,SRR5639764
GSM2647454,w1118_dpse_dvir_HD_f_r3.ERCC,synthetic,construct,RNA-Seq,SRR7243684,SRR5639763
GSM2647453,w1118_dpse_dvir_HD_f_r2.ERCC,synthetic,construct,RNA-Seq,SRR7243683,SRR5639762
GSM2647452,w1118_dpse_dvir_HD_f_r1.ERCC,synthetic,construct,RNA-Seq,SRR7243682,SRR5639761
GSM2647451,w1118_dpse_dvir_GO_m_r3.ERCC,synthetic,construct,RNA-Seq,SRR7243681,SRR5639760
GSM2647450,w1118_dpse_dvir_GO_m_r2.ERCC,synthetic,construct,RNA-Seq,SRR7243680,SRR5639759
GSM2647449,w1118_dpse_dvir_GO_m_r1.ERCC,synthetic,construct,RNA-Seq,SRR7243679,SRR5639758
GSM2647448,w1118_dpse_dvir_GO_f_r3.ERCC,synthetic,construct,RNA-Seq,SRR7243678,SRR5639757
GSM2647447,w1118_dpse_dvir_GO_f_r2.ERCC,synthetic,construct,RNA-Seq,SRR7243677,SRR5639756
GSM2647446,w1118_dpse_dvir_GO_f_r1.ERCC,synthetic,construct,RNA-Seq,SRR7243676,SRR5639755
GSM2647445,w1118_dpse_dvir_DG_m_r3.ERCC,synthetic,construct,RNA-Seq,SRR7243675,SRR5639754
GSM2647444,w1118_dpse_dvir_DG_m_r2.ERCC,synthetic,construct,RNA-Seq,SRR7243674,SRR5639753
GSM2647443,w1118_dpse_dvir_DG_m_r1.ERCC,synthetic,construct,RNA-Seq,SRR7243673,SRR5639752
GSM2647442,w1118_dpse_dvir_DG_f_r3.ERCC,synthetic,construct,RNA-Seq,SRR7243672,SRR5639751
GSM2647441,w1118_dpse_dvir_DG_f_r2.ERCC,synthetic,construct,RNA-Seq,SRR7243671,SRR5639750
GSM2647440,w1118_dpse_dvir_DG_f_r1.ERCC,synthetic,construct,RNA-Seq,SRR7243670,SRR5639749
GSM2647439,w1118_dpse_dvir_AC_m_r3.ERCC,synthetic,construct,RNA-Seq,SRR7243669,SRR5639748
GSM2647438,w1118_dpse_dvir_AC_m_r2.ERCC,synthetic,construct,RNA-Seq,SRR7243668,SRR5639747
GSM2647437,w1118_dpse_dvir_AC_m_r1.ERCC,synthetic,construct,RNA-Seq,SRR7243667,SRR5639746
GSM2647436,w1118_dpse_dvir_AC_f_r3.ERCC,synthetic,construct,RNA-Seq,SRR7243666,SRR5639745
GSM2647435,w1118_dpse_dvir_AC_f_r2.ERCC,synthetic,construct,RNA-Seq,SRR7243665,SRR5639744
GSM2647434,w1118_dpse_dvir_AC_f_r1.ERCC,synthetic,construct,RNA-Seq,SRR7243664,SRR5639743
GSM2647433,orgR_dmoj_dper_WB_m_r3.ERCC,synthetic,construct,RNA-Seq,SRR7243663,SRR5639742
GSM2647432,orgR_dmoj_dper_WB_m_r2.ERCC,synthetic,construct,RNA-Seq,SRR7243662,SRR5639741
GSM2647431,orgR_dmoj_dper_WB_m_r1.ERCC,synthetic,construct,RNA-Seq,SRR7243661,SRR5639740
GSM2647430,orgR_dmoj_dper_WB_f_r3.ERCC,synthetic,construct,RNA-Seq,SRR7243660,SRR5639739
GSM2647429,orgR_dmoj_dper_WB_f_r2.ERCC,synthetic,construct,RNA-Seq,SRR7243659,SRR5639738
GSM2647428,orgR_dmoj_dper_WB_f_r1.ERCC,synthetic,construct,RNA-Seq,SRR7243658,SRR5639737
GSM2647427,orgR_dmoj_dper_TX_m_r3.ERCC,synthetic,construct,RNA-Seq,SRR7243657,SRR5639736
GSM2647426,orgR_dmoj_dper_TX_m_r2.ERCC,synthetic,construct,RNA-Seq,SRR7243656,SRR5639735
GSM2647425,orgR_dmoj_dper_TX_m_r1.ERCC,synthetic,construct,RNA-Seq,SRR7243655,SRR5639734
GSM2647424,orgR_dmoj_dper_TX_f_r3.ERCC,synthetic,construct,RNA-Seq,SRR7243654,SRR5639733
GSM2647423,orgR_dmoj_dper_TX_f_r2.ERCC,synthetic,construct,RNA-Seq,SRR7243653,SRR5639732
GSM2647422,orgR_dmoj_dper_TX_f_r1.ERCC,synthetic,construct,RNA-Seq,SRR7243652,SRR5639731
GSM2647421,orgR_dmoj_dper_RE_m_r3.ERCC,synthetic,construct,RNA-Seq,SRR7243651,SRR5639730
GSM2647420,orgR_dmoj_dper_RE_m_r2.ERCC,synthetic,construct,RNA-Seq,SRR7243650,SRR5639729
GSM2647419,orgR_dmoj_dper_RE_m_r1.ERCC,synthetic,construct,RNA-Seq,SRR7243649,SRR5639728
GSM2647418,orgR_dmoj_dper_RE_f_r3.ERCC,synthetic,construct,RNA-Seq,SRR7243648,SRR5639727
GSM2647417,orgR_dmoj_dper_RE_f_r2.ERCC,synthetic,construct,RNA-Seq,SRR7243647,SRR5639726
GSM2647416,orgR_dmoj_dper_RE_f_r1.ERCC,synthetic,construct,RNA-Seq,SRR7243646,SRR5639725
GSM2647415,orgR_dmoj_dper_HD_m_r3.ERCC,synthetic,construct,RNA-Seq,SRR7243645,SRR5639724
GSM2647414,orgR_dmoj_dper_HD_m_r2.ERCC,synthetic,construct,RNA-Seq,SRR7243644,SRR5639723
GSM2647413,orgR_dmoj_dper_HD_m_r1.ERCC,synthetic,construct,RNA-Seq,SRR7243643,SRR5639722
GSM2647412,orgR_dmoj_dper_HD_f_r3.ERCC,synthetic,construct,RNA-Seq,SRR7243642,SRR5639721
GSM2647411,orgR_dmoj_dper_HD_f_r2.ERCC,synthetic,construct,RNA-Seq,SRR7243641,SRR5639720
GSM2647410,orgR_dmoj_dper_HD_f_r1.ERCC,synthetic,construct,RNA-Seq,SRR7243640,SRR5639719
GSM2647409,orgR_dmoj_dper_GO_m_r3.ERCC,synthetic,construct,RNA-Seq,SRR7243639,SRR5639718
GSM2647408,orgR_dmoj_dper_GO_m_r2.ERCC,synthetic,construct,RNA-Seq,SRR7243638,SRR5639717
GSM2647407,orgR_dmoj_dper_GO_m_r1.ERCC,synthetic,construct,RNA-Seq,SRR7243637,SRR5639716
GSM2647406,orgR_dmoj_dper_GO_f_r3.ERCC,synthetic,construct,RNA-Seq,SRR7243636,SRR5639715
GSM2647405,orgR_dmoj_dper_GO_f_r2.ERCC,synthetic,construct,RNA-Seq,SRR7243635,SRR5639714
GSM2647404,orgR_dmoj_dper_GO_f_r1.ERCC,synthetic,construct,RNA-Seq,SRR7243634,SRR5639713
GSM2647403,orgR_dmoj_dper_DG_m_r3.ERCC,synthetic,construct,RNA-Seq,SRR7243633,SRR5639712
GSM2647402,orgR_dmoj_dper_DG_m_r2.ERCC,synthetic,construct,RNA-Seq,SRR7243632,SRR5639711
GSM2647401,orgR_dmoj_dper_DG_m_r1.ERCC,synthetic,construct,RNA-Seq,SRR7243631,SRR5639710
GSM2647400,orgR_dmoj_dper_DG_f_r3.ERCC,synthetic,construct,RNA-Seq,SRR7243630,SRR5639709
GSM2647399,orgR_dmoj_dper_DG_f_r2.ERCC,synthetic,construct,RNA-Seq,SRR7243629,SRR5639708
GSM2647398,orgR_dmoj_dper_DG_f_r1.ERCC,synthetic,construct,RNA-Seq,SRR7243628,SRR5639707
GSM2647397,orgR_dmoj_dper_AC_m_r3.ERCC,synthetic,construct,RNA-Seq,SRR7243627,SRR5639706
GSM2647396,orgR_dmoj_dper_AC_m_r2.ERCC,synthetic,construct,RNA-Seq,SRR7243626,SRR5639705
GSM2647395,orgR_dmoj_dper_AC_m_r1.ERCC,synthetic,construct,RNA-Seq,SRR7243625,SRR5639704
GSM2647394,orgR_dmoj_dper_AC_f_r3.ERCC,synthetic,construct,RNA-Seq,SRR7243624,SRR5639703
GSM2647393,orgR_dmoj_dper_AC_f_r2.ERCC,synthetic,construct,RNA-Seq,SRR7243623,SRR5639702
GSM2647392,orgR_dmoj_dper_AC_f_r1.ERCC,synthetic,construct,RNA-Seq,SRR7243622,SRR5639701
GSM2647391,dwil_dana_dyak_WB_m_r3.ERCC,synthetic,construct,RNA-Seq,SRR7243621,SRR5639700
GSM2647390,dwil_dana_dyak_WB_m_r2.ERCC,synthetic,construct,RNA-Seq,SRR7243620,SRR5639699
GSM2647389,dwil_dana_dyak_WB_m_r1.ERCC,synthetic,construct,RNA-Seq,SRR7243619,SRR5639698
GSM2647388,dwil_dana_dyak_WB_f_r3.ERCC,synthetic,construct,RNA-Seq,SRR7243618,SRR5639697
GSM2647387,dwil_dana_dyak_WB_f_r2.ERCC,synthetic,construct,RNA-Seq,SRR7243617,SRR5639696
GSM2647386,dwil_dana_dyak_WB_f_r1.ERCC,synthetic,construct,RNA-Seq,SRR7243616,SRR5639695
GSM2647385,dwil_dana_dyak_TX_m_r3.ERCC,synthetic,construct,RNA-Seq,SRR7243615,SRR5639694
GSM2647384,dwil_dana_dyak_TX_m_r2.ERCC,synthetic,construct,RNA-Seq,SRR7243614,SRR5639693
GSM2647383,dwil_dana_dyak_TX_m_r1.ERCC,synthetic,construct,RNA-Seq,SRR7243613,SRR5639692
GSM2647382,dwil_dana_dyak_TX_f_r3.ERCC,synthetic,construct,RNA-Seq,SRR7243612,SRR5639691
GSM2647381,dwil_dana_dyak_TX_f_r2.ERCC,synthetic,construct,RNA-Seq,SRR7243611,SRR5639690
GSM2647380,dwil_dana_dyak_TX_f_r1.ERCC,synthetic,construct,RNA-Seq,SRR7243610,SRR5639689
GSM2647379,dwil_dana_dyak_RE_m_r3.ERCC,synthetic,construct,RNA-Seq,SRR7243609,SRR5639688
GSM2647378,dwil_dana_dyak_RE_m_r2.ERCC,synthetic,construct,RNA-Seq,SRR7243608,SRR5639687
GSM2647377,dwil_dana_dyak_RE_m_r1.ERCC,synthetic,construct,RNA-Seq,SRR7243607,SRR5639686
GSM2647376,dwil_dana_dyak_RE_f_r3.ERCC,synthetic,construct,RNA-Seq,SRR7243606,SRR5639685
GSM2647375,dwil_dana_dyak_RE_f_r2.ERCC,synthetic,construct,RNA-Seq,SRR7243605,SRR5639684
GSM2647374,dwil_dana_dyak_RE_f_r1.ERCC,synthetic,construct,RNA-Seq,SRR7243604,SRR5639683
GSM2647373,dwil_dana_dyak_HD_m_r3.ERCC,synthetic,construct,RNA-Seq,SRR7243603,SRR5639682
GSM2647372,dwil_dana_dyak_HD_m_r2.ERCC,synthetic,construct,RNA-Seq,SRR7243602,SRR5639681
GSM2647371,dwil_dana_dyak_HD_m_r1.ERCC,synthetic,construct,RNA-Seq,SRR7243601,SRR5639680
GSM2647370,dwil_dana_dyak_HD_f_r3.ERCC,synthetic,construct,RNA-Seq,SRR7243600,SRR5639679
GSM2647369,dwil_dana_dyak_HD_f_r2.ERCC,synthetic,construct,RNA-Seq,SRR7243599,SRR5639678
GSM2647368,dwil_dana_dyak_HD_f_r1.ERCC,synthetic,construct,RNA-Seq,SRR7243598,SRR5639677
GSM2647367,dwil_dana_dyak_GO_m_r3.ERCC,synthetic,construct,RNA-Seq,SRR7243597,SRR5639676
GSM2647366,dwil_dana_dyak_GO_m_r2.ERCC,synthetic,construct,RNA-Seq,SRR7243596,SRR5639675
GSM2647365,dwil_dana_dyak_GO_m_r1.ERCC,synthetic,construct,RNA-Seq,SRR7243595,SRR5639674
GSM2647364,dwil_dana_dyak_GO_f_r3.ERCC,synthetic,construct,RNA-Seq,SRR7243594,SRR5639673
GSM2647363,dwil_dana_dyak_GO_f_r2.ERCC,synthetic,construct,RNA-Seq,SRR7243593,SRR5639672
GSM2647362,dwil_dana_dyak_GO_f_r1.ERCC,synthetic,construct,RNA-Seq,SRR7243592,SRR5639671
GSM2647361,dwil_dana_dyak_DG_m_r3.ERCC,synthetic,construct,RNA-Seq,SRR7243591,SRR5639670
GSM2647360,dwil_dana_dyak_DG_m_r2.ERCC,synthetic,construct,RNA-Seq,SRR7243590,SRR5639669
GSM2647359,dwil_dana_dyak_DG_m_r1.ERCC,synthetic,construct,RNA-Seq,SRR7243589,SRR5639668
GSM2647358,dwil_dana_dyak_DG_f_r3.ERCC,synthetic,construct,RNA-Seq,SRR7243588,SRR5639667
GSM2647357,dwil_dana_dyak_DG_f_r2.ERCC,synthetic,construct,RNA-Seq,SRR7243587,SRR5639666
GSM2647356,dwil_dana_dyak_DG_f_r1.ERCC,synthetic,construct,RNA-Seq,SRR7243586,SRR5639665
GSM2647355,dwil_dana_dyak_AC_m_r3.ERCC,synthetic,construct,RNA-Seq,SRR7243585,SRR5639664
GSM2647354,dwil_dana_dyak_AC_m_r2.ERCC,synthetic,construct,RNA-Seq,SRR7243584,SRR5639663
GSM2647353,dwil_dana_dyak_AC_m_r1.ERCC,synthetic,construct,RNA-Seq,SRR7243583,SRR5639662
GSM2647352,dwil_dana_dyak_AC_f_r3.ERCC,synthetic,construct,RNA-Seq,SRR7243582,SRR5639661
GSM2647351,dwil_dana_dyak_AC_f_r2.ERCC,synthetic,construct,RNA-Seq,SRR7243581,SRR5639660
GSM2647350,dwil_dana_dyak_AC_f_r1.ERCC,synthetic,construct,RNA-Seq,SRR7243580,SRR5639659
GSM2647349,w1118_WB_m_r3,Drosophila,melanogaster,RNA-Seq,SRR7243579,SRR5639658
GSM2647348,w1118_WB_m_r2,Drosophila,melanogaster,RNA-Seq,SRR7243578,SRR5639657
GSM2647347,w1118_WB_m_r1,Drosophila,melanogaster,RNA-Seq,SRR7243577,SRR5639656
GSM2647346,w1118_WB_f_r3,Drosophila,melanogaster,RNA-Seq,SRR7243576,SRR5639655
GSM2647345,w1118_WB_f_r2,Drosophila,melanogaster,RNA-Seq,SRR7243575,SRR5639654
GSM2647344,w1118_WB_f_r1,Drosophila,melanogaster,RNA-Seq,SRR7243574,SRR5639653
GSM2647343,w1118_TX_m_r3,Drosophila,melanogaster,RNA-Seq,SRR7243573,SRR5639652
GSM2647342,w1118_TX_m_r2,Drosophila,melanogaster,RNA-Seq,SRR7243572,SRR5639651
GSM2647341,w1118_TX_m_r1,Drosophila,melanogaster,RNA-Seq,SRR7243571,SRR5639650
GSM2647340,w1118_TX_f_r3,Drosophila,melanogaster,RNA-Seq,SRR7243570,SRR5639649
GSM2647339,w1118_TX_f_r2,Drosophila,melanogaster,RNA-Seq,SRR7243569,SRR5639648
GSM2647338,w1118_TX_f_r1,Drosophila,melanogaster,RNA-Seq,SRR7243568,SRR5639647
GSM2647337,w1118_RE_m_r3,Drosophila,melanogaster,RNA-Seq,SRR7243567,SRR5639646
GSM2647336,w1118_RE_m_r2,Drosophila,melanogaster,RNA-Seq,SRR7243566,SRR5639645
GSM2647335,w1118_RE_m_r1,Drosophila,melanogaster,RNA-Seq,SRR7243565,SRR5639644
GSM2647334,w1118_RE_f_r3,Drosophila,melanogaster,RNA-Seq,SRR7243564,SRR5639643
GSM2647333,w1118_RE_f_r2,Drosophila,melanogaster,RNA-Seq,SRR7243563,SRR5639642
GSM2647332,w1118_RE_f_r1,Drosophila,melanogaster,RNA-Seq,SRR7243562,SRR5639641
GSM2647331,w1118_HD_m_r3,Drosophila,melanogaster,RNA-Seq,SRR7243561,SRR5639640
GSM2647330,w1118_HD_m_r2,Drosophila,melanogaster,RNA-Seq,SRR7243560,SRR5639639
GSM2647329,w1118_HD_m_r1,Drosophila,melanogaster,RNA-Seq,SRR7243559,SRR5639638
GSM2647328,w1118_HD_f_r3,Drosophila,melanogaster,RNA-Seq,SRR7243558,SRR5639637
GSM2647327,w1118_HD_f_r2,Drosophila,melanogaster,RNA-Seq,SRR7243557,SRR5639636
GSM2647326,w1118_HD_f_r1,Drosophila,melanogaster,RNA-Seq,SRR7243556,SRR5639635
GSM2647325,w1118_GO_m_r3,Drosophila,melanogaster,RNA-Seq,SRR7243555,SRR5639634
GSM2647324,w1118_GO_m_r2,Drosophila,melanogaster,RNA-Seq,SRR7243554,SRR5639633
GSM2647323,w1118_GO_m_r1,Drosophila,melanogaster,RNA-Seq,SRR7243553,SRR5639632
GSM2647322,w1118_GO_f_r3,Drosophila,melanogaster,RNA-Seq,SRR7243552,SRR5639631
GSM2647321,w1118_GO_f_r2,Drosophila,melanogaster,RNA-Seq,SRR7243551,SRR5639630
GSM2647320,w1118_GO_f_r1,Drosophila,melanogaster,RNA-Seq,SRR7243550,SRR5639629
GSM2647319,w1118_GE_m_r3,Drosophila,melanogaster,RNA-Seq,SRR7243549,SRR5639628
GSM2647318,w1118_GE_m_r2,Drosophila,melanogaster,RNA-Seq,SRR7243548,SRR5639627
GSM2647317,w1118_GE_m_r1,Drosophila,melanogaster,RNA-Seq,SRR7243547,SRR5639626
GSM2647316,w1118_GE_f_r3,Drosophila,melanogaster,RNA-Seq,SRR7243546,SRR5639625
GSM2647315,w1118_GE_f_r2,Drosophila,melanogaster,RNA-Seq,SRR7243545,SRR5639624
GSM2647314,w1118_GE_f_r1,Drosophila,melanogaster,RNA-Seq,SRR7243544,SRR5639623
GSM2647313,w1118_DG_m_r3,Drosophila,melanogaster,RNA-Seq,SRR7243543,SRR5639622
GSM2647312,w1118_DG_m_r2,Drosophila,melanogaster,RNA-Seq,SRR7243542,SRR5639621
GSM2647311,w1118_DG_m_r1,Drosophila,melanogaster,RNA-Seq,SRR7243541,SRR5639620
GSM2647310,w1118_DG_f_r3,Drosophila,melanogaster,RNA-Seq,SRR7243540,SRR5639619
GSM2647309,w1118_DG_f_r2,Drosophila,melanogaster,RNA-Seq,SRR7243539,SRR5639618
GSM2647308,w1118_DG_f_r1,Drosophila,melanogaster,RNA-Seq,SRR7243538,SRR5639617
GSM2647307,w1118_AC_m_r3,Drosophila,melanogaster,RNA-Seq,SRR7243537,SRR5639616
GSM2647306,w1118_AC_m_r2,Drosophila,melanogaster,RNA-Seq,SRR7243536,SRR5639615
GSM2647305,w1118_AC_m_r1,Drosophila,melanogaster,RNA-Seq,SRR7243535,SRR5639614
GSM2647304,w1118_AC_f_r3,Drosophila,melanogaster,RNA-Seq,SRR7243534,SRR5639613
GSM2647303,w1118_AC_f_r2,Drosophila,melanogaster,RNA-Seq,SRR7243533,SRR5639612
GSM2647302,w1118_AC_f_r1,Drosophila,melanogaster,RNA-Seq,SRR7243532,SRR5639611
GSM2647301,orgR_WB_m_r3,Drosophila,melanogaster,RNA-Seq,SRR7243531,SRR5639610
GSM2647300,orgR_WB_m_r2,Drosophila,melanogaster,RNA-Seq,SRR7243530,SRR5639609
GSM2647299,orgR_WB_m_r1,Drosophila,melanogaster,RNA-Seq,SRR7243529,SRR5639608
GSM2647298,orgR_WB_f_r3,Drosophila,melanogaster,RNA-Seq,SRR7243528,SRR5639607
GSM2647297,orgR_WB_f_r2,Drosophila,melanogaster,RNA-Seq,SRR7243527,SRR5639606
GSM2647296,orgR_WB_f_r1,Drosophila,melanogaster,RNA-Seq,SRR7243526,SRR5639605
GSM2647295,orgR_TX_m_r3,Drosophila,melanogaster,RNA-Seq,SRR7243525,SRR5639604
GSM2647294,orgR_TX_m_r2,Drosophila,melanogaster,RNA-Seq,SRR7243524,SRR5639603
GSM2647293,orgR_TX_m_r1,Drosophila,melanogaster,RNA-Seq,SRR7243523,SRR5639602
GSM2647292,orgR_TX_f_r3,Drosophila,melanogaster,RNA-Seq,SRR7243522,SRR5639601
GSM2647291,orgR_TX_f_r2,Drosophila,melanogaster,RNA-Seq,SRR7243521,SRR5639600
GSM2647290,orgR_TX_f_r1,Drosophila,melanogaster,RNA-Seq,SRR7243520,SRR5639599
GSM2647289,orgR_RE_m_r3,Drosophila,melanogaster,RNA-Seq,SRR7243519,SRR5639598
GSM2647288,orgR_RE_m_r2,Drosophila,melanogaster,RNA-Seq,SRR7243518,SRR5639597
GSM2647287,orgR_RE_m_r1,Drosophila,melanogaster,RNA-Seq,SRR7243517,SRR5639596
GSM2647286,orgR_RE_f_r3,Drosophila,melanogaster,RNA-Seq,SRR7243516,SRR5639595
GSM2647285,orgR_RE_f_r2,Drosophila,melanogaster,RNA-Seq,SRR7243515,SRR5639594
GSM2647284,orgR_RE_f_r1,Drosophila,melanogaster,RNA-Seq,SRR7243514,SRR5639593
GSM2647283,orgR_HD_m_r3,Drosophila,melanogaster,RNA-Seq,SRR7243513,SRR5639592
GSM2647282,orgR_HD_m_r2,Drosophila,melanogaster,RNA-Seq,SRR7243512,SRR5639591
GSM2647281,orgR_HD_m_r1,Drosophila,melanogaster,RNA-Seq,SRR7243511,SRR5639590
GSM2647280,orgR_HD_f_r3,Drosophila,melanogaster,RNA-Seq,SRR7243510,SRR5639589
GSM2647279,orgR_HD_f_r2,Drosophila,melanogaster,RNA-Seq,SRR7243509,SRR5639588
GSM2647278,orgR_HD_f_r1,Drosophila,melanogaster,RNA-Seq,SRR7243508,SRR5639587
GSM2647277,orgR_GO_m_r3,Drosophila,melanogaster,RNA-Seq,SRR7243507,SRR5639586
GSM2647276,orgR_GO_m_r2,Drosophila,melanogaster,RNA-Seq,SRR7243506,SRR5639585
GSM2647275,orgR_GO_m_r1,Drosophila,melanogaster,RNA-Seq,SRR7243505,SRR5639584
GSM2647274,orgR_GO_f_r3,Drosophila,melanogaster,RNA-Seq,SRR7243504,SRR5639583
GSM2647273,orgR_GO_f_r2,Drosophila,melanogaster,RNA-Seq,SRR7243503,SRR5639582
GSM2647272,orgR_GO_f_r1,Drosophila,melanogaster,RNA-Seq,SRR7243502,SRR5639581
GSM2647271,orgR_GE_m_r3,Drosophila,melanogaster,RNA-Seq,SRR7243501,SRR5639580
GSM2647270,orgR_GE_m_r2,Drosophila,melanogaster,RNA-Seq,SRR7243500,SRR5639579
GSM2647269,orgR_GE_m_r1,Drosophila,melanogaster,RNA-Seq,SRR7243499,SRR5639578
GSM2647268,orgR_GE_f_r3,Drosophila,melanogaster,RNA-Seq,SRR7243498,SRR5639577
GSM2647267,orgR_GE_f_r2,Drosophila,melanogaster,RNA-Seq,SRR7243497,SRR5639576
GSM2647266,orgR_GE_f_r1,Drosophila,melanogaster,RNA-Seq,SRR7243496,SRR5639575
GSM2647265,orgR_DG_m_r3,Drosophila,melanogaster,RNA-Seq,SRR7243495,SRR5639574
GSM2647264,orgR_DG_m_r2,Drosophila,melanogaster,RNA-Seq,SRR7243494,SRR5639573
GSM2647263,orgR_DG_m_r1,Drosophila,melanogaster,RNA-Seq,SRR7243493,SRR5639572
GSM2647262,orgR_DG_f_r3,Drosophila,melanogaster,RNA-Seq,SRR7243492,SRR5639571
GSM2647261,orgR_DG_f_r2,Drosophila,melanogaster,RNA-Seq,SRR7243491,SRR5639570
GSM2647260,orgR_DG_f_r1,Drosophila,melanogaster,RNA-Seq,SRR7243490,SRR5639569
GSM2647259,orgR_AC_m_r3,Drosophila,melanogaster,RNA-Seq,SRR7243489,SRR5639568
GSM2647258,orgR_AC_m_r2,Drosophila,melanogaster,RNA-Seq,SRR7243488,SRR5639567
GSM2647257,orgR_AC_m_r1,Drosophila,melanogaster,RNA-Seq,SRR7243487,SRR5639566
GSM2647256,orgR_AC_f_r3,Drosophila,melanogaster,RNA-Seq,SRR7243486,SRR5639565
GSM2647255,orgR_AC_f_r2,Drosophila,melanogaster,RNA-Seq,SRR7243485,SRR5639564
GSM2647254,orgR_AC_f_r1,Drosophila,melanogaster,RNA-Seq,SRR7243484,SRR5639563
GSM2647253,dyak_WB_m_r3,Drosophila,yakuba,RNA-Seq,SRR7243483,SRR5639562
GSM2647252,dyak_WB_m_r2,Drosophila,yakuba,RNA-Seq,SRR7243482,SRR5639561
GSM2647251,dyak_WB_m_r1,Drosophila,yakuba,RNA-Seq,SRR7243481,SRR5639560
GSM2647250,dyak_WB_f_r3,Drosophila,yakuba,RNA-Seq,SRR7243480,SRR5639559
GSM2647249,dyak_WB_f_r2,Drosophila,yakuba,RNA-Seq,SRR7243479,SRR5639558
GSM2647248,dyak_WB_f_r1,Drosophila,yakuba,RNA-Seq,SRR7243478,SRR5639557
GSM2647247,dyak_TX_m_r3,Drosophila,yakuba,RNA-Seq,SRR7243477,SRR5639556
GSM2647246,dyak_TX_m_r2,Drosophila,yakuba,RNA-Seq,SRR7243476,SRR5639555
GSM2647245,dyak_TX_m_r1,Drosophila,yakuba,RNA-Seq,SRR7243475,SRR5639554
GSM2647244,dyak_TX_f_r3,Drosophila,yakuba,RNA-Seq,SRR7243474,SRR5639553
GSM2647243,dyak_TX_f_r2,Drosophila,yakuba,RNA-Seq,SRR7243473,SRR5639552
GSM2647242,dyak_TX_f_r1,Drosophila,yakuba,RNA-Seq,SRR7243472,SRR5639551
GSM2647241,dyak_RE_m_r3,Drosophila,yakuba,RNA-Seq,SRR7243471,SRR5639550
GSM2647240,dyak_RE_m_r2,Drosophila,yakuba,RNA-Seq,SRR7243470,SRR5639549
GSM2647239,dyak_RE_m_r1,Drosophila,yakuba,RNA-Seq,SRR7243469,SRR5639548
GSM2647238,dyak_RE_f_r3,Drosophila,yakuba,RNA-Seq,SRR7243468,SRR5639547
GSM2647237,dyak_RE_f_r2,Drosophila,yakuba,RNA-Seq,SRR7243467,SRR5639546
GSM2647236,dyak_RE_f_r1,Drosophila,yakuba,RNA-Seq,SRR7243466,SRR5639545
GSM2647235,dyak_HD_m_r3,Drosophila,yakuba,RNA-Seq,SRR7243465,SRR5639544
GSM2647234,dyak_HD_m_r2,Drosophila,yakuba,RNA-Seq,SRR7243464,SRR5639543
GSM2647233,dyak_HD_m_r1,Drosophila,yakuba,RNA-Seq,SRR7243463,SRR5639542
GSM2647232,dyak_HD_f_r3,Drosophila,yakuba,RNA-Seq,SRR7243462,SRR5639541
GSM2647231,dyak_HD_f_r2,Drosophila,yakuba,RNA-Seq,SRR7243461,SRR5639540
GSM2647230,dyak_HD_f_r1,Drosophila,yakuba,RNA-Seq,SRR7243460,SRR5639539
GSM2647229,dyak_GO_m_r3,Drosophila,yakuba,RNA-Seq,SRR7243459,SRR5639538
GSM2647228,dyak_GO_m_r2,Drosophila,yakuba,RNA-Seq,SRR7243458,SRR5639537
GSM2647227,dyak_GO_m_r1,Drosophila,yakuba,RNA-Seq,SRR7243457,SRR5639536
GSM2647226,dyak_GO_f_r3,Drosophila,yakuba,RNA-Seq,SRR7243456,SRR5639535
GSM2647225,dyak_GO_f_r2,Drosophila,yakuba,RNA-Seq,SRR7243455,SRR5639534
GSM2647224,dyak_GO_f_r1,Drosophila,yakuba,RNA-Seq,SRR7243454,SRR5639533
GSM2647223,dyak_DG_m_r3,Drosophila,yakuba,RNA-Seq,SRR7243453,SRR5639532
GSM2647222,dyak_DG_m_r2,Drosophila,yakuba,RNA-Seq,SRR7243452,SRR5639531
GSM2647221,dyak_DG_m_r1,Drosophila,yakuba,RNA-Seq,SRR7243451,SRR5639530
GSM2647220,dyak_DG_f_r3,Drosophila,yakuba,RNA-Seq,SRR7243450,SRR5639529
GSM2647219,dyak_DG_f_r2,Drosophila,yakuba,RNA-Seq,SRR7243449,SRR5639528
GSM2647218,dyak_DG_f_r1,Drosophila,yakuba,RNA-Seq,SRR7243448,SRR5639527
GSM2647217,dyak_AC_m_r3,Drosophila,yakuba,RNA-Seq,SRR7243447,SRR5639526
GSM2647216,dyak_AC_m_r2,Drosophila,yakuba,RNA-Seq,SRR7243446,SRR5639525
GSM2647215,dyak_AC_m_r1,Drosophila,yakuba,RNA-Seq,SRR7243445,SRR5639524
GSM2647214,dyak_AC_f_r3,Drosophila,yakuba,RNA-Seq,SRR7243444,SRR5639523
GSM2647213,dyak_AC_f_r2,Drosophila,yakuba,RNA-Seq,SRR7243443,SRR5639522
GSM2647212,dyak_AC_f_r1,Drosophila,yakuba,RNA-Seq,SRR7243442,SRR5639521
GSM2647211,dwil_WB_m_r3,Drosophila,willistoni,RNA-Seq,SRR7243441,SRR5639520
GSM2647210,dwil_WB_m_r2,Drosophila,willistoni,RNA-Seq,SRR7243440,SRR5639519
GSM2647209,dwil_WB_m_r1,Drosophila,willistoni,RNA-Seq,SRR7243439,SRR5639518
GSM2647208,dwil_WB_f_r3,Drosophila,willistoni,RNA-Seq,SRR7243438,SRR5639517
GSM2647207,dwil_WB_f_r2,Drosophila,willistoni,RNA-Seq,SRR7243437,SRR5639516
GSM2647206,dwil_WB_f_r1,Drosophila,willistoni,RNA-Seq,SRR7243436,SRR5639515
GSM2647205,dwil_TX_m_r3,Drosophila,willistoni,RNA-Seq,SRR7243435,SRR5639514
GSM2647204,dwil_TX_m_r2,Drosophila,willistoni,RNA-Seq,SRR7243434,SRR5639513
GSM2647203,dwil_TX_m_r1,Drosophila,willistoni,RNA-Seq,SRR7243433,SRR5639512
GSM2647202,dwil_TX_f_r3,Drosophila,willistoni,RNA-Seq,SRR7243432,SRR5639511
GSM2647201,dwil_TX_f_r2,Drosophila,willistoni,RNA-Seq,SRR7243431,SRR5639510
GSM2647200,dwil_TX_f_r1,Drosophila,willistoni,RNA-Seq,SRR7243430,SRR5639509
GSM2647199,dwil_RE_m_r3,Drosophila,willistoni,RNA-Seq,SRR7243429,SRR5639508
GSM2647198,dwil_RE_m_r2,Drosophila,willistoni,RNA-Seq,SRR7243428,SRR5639507
GSM2647197,dwil_RE_m_r1,Drosophila,willistoni,RNA-Seq,SRR7243427,SRR5639506
GSM2647196,dwil_RE_f_r3,Drosophila,willistoni,RNA-Seq,SRR7243426,SRR5639505
GSM2647195,dwil_RE_f_r2,Drosophila,willistoni,RNA-Seq,SRR7243425,SRR5639504
GSM2647194,dwil_RE_f_r1,Drosophila,willistoni,RNA-Seq,SRR7243424,SRR5639503
GSM2647193,dwil_HD_m_r3,Drosophila,willistoni,RNA-Seq,SRR7243423,SRR5639502
GSM2647192,dwil_HD_m_r2,Drosophila,willistoni,RNA-Seq,SRR7243422,SRR5639501
GSM2647191,dwil_HD_m_r1,Drosophila,willistoni,RNA-Seq,SRR7243421,SRR5639500
GSM2647190,dwil_HD_f_r3,Drosophila,willistoni,RNA-Seq,SRR7243420,SRR5639499
GSM2647189,dwil_HD_f_r2,Drosophila,willistoni,RNA-Seq,SRR7243419,SRR5639498
GSM2647188,dwil_HD_f_r1,Drosophila,willistoni,RNA-Seq,SRR7243418,SRR5639497
GSM2647187,dwil_GO_m_r3,Drosophila,willistoni,RNA-Seq,SRR7243417,SRR5639496
GSM2647186,dwil_GO_m_r2,Drosophila,willistoni,RNA-Seq,SRR7243416,SRR5639495
GSM2647185,dwil_GO_m_r1,Drosophila,willistoni,RNA-Seq,SRR7243415,SRR5639494
GSM2647184,dwil_GO_f_r3,Drosophila,willistoni,RNA-Seq,SRR7243414,SRR5639493
GSM2647183,dwil_GO_f_r2,Drosophila,willistoni,RNA-Seq,SRR7243413,SRR5639492
GSM2647182,dwil_GO_f_r1,Drosophila,willistoni,RNA-Seq,SRR7243412,SRR5639491
GSM2647181,dwil_DG_m_r3,Drosophila,willistoni,RNA-Seq,SRR7243411,SRR5639490
GSM2647180,dwil_DG_m_r2,Drosophila,willistoni,RNA-Seq,SRR7243410,SRR5639489
GSM2647179,dwil_DG_m_r1,Drosophila,willistoni,RNA-Seq,SRR7243409,SRR5639488
GSM2647178,dwil_DG_f_r3,Drosophila,willistoni,RNA-Seq,SRR7243408,SRR5639487
GSM2647177,dwil_DG_f_r2,Drosophila,willistoni,RNA-Seq,SRR7243407,SRR5639486
GSM2647176,dwil_DG_f_r1,Drosophila,willistoni,RNA-Seq,SRR7243406,SRR5639485
GSM2647175,dwil_AC_m_r3,Drosophila,willistoni,RNA-Seq,SRR7243405,SRR5639484
GSM2647174,dwil_AC_m_r2,Drosophila,willistoni,RNA-Seq,SRR7243404,SRR5639483
GSM2647173,dwil_AC_m_r1,Drosophila,willistoni,RNA-Seq,SRR7243403,SRR5639482
GSM2647172,dwil_AC_f_r3,Drosophila,willistoni,RNA-Seq,SRR7243402,SRR5639481
GSM2647171,dwil_AC_f_r2,Drosophila,willistoni,RNA-Seq,SRR7243401,SRR5639480
GSM2647170,dwil_AC_f_r1,Drosophila,willistoni,RNA-Seq,SRR7243400,SRR5639479
GSM2647169,dvir_WB_m_r3,Drosophila,virilis,RNA-Seq,SRR7243399,SRR5639478
GSM2647168,dvir_WB_m_r2,Drosophila,virilis,RNA-Seq,SRR7243398,SRR5639477
GSM2647167,dvir_WB_m_r1,Drosophila,virilis,RNA-Seq,SRR7243397,SRR5639476
GSM2647166,dvir_WB_f_r3,Drosophila,virilis,RNA-Seq,SRR7243396,SRR5639475
GSM2647165,dvir_WB_f_r2,Drosophila,virilis,RNA-Seq,SRR7243395,SRR5639474
GSM2647164,dvir_WB_f_r1,Drosophila,virilis,RNA-Seq,SRR7243394,SRR5639473
GSM2647163,dvir_TX_m_r3,Drosophila,virilis,RNA-Seq,SRR7243393,SRR5639472
GSM2647162,dvir_TX_m_r2,Drosophila,virilis,RNA-Seq,SRR7243392,SRR5639471
GSM2647161,dvir_TX_m_r1,Drosophila,virilis,RNA-Seq,SRR7243391,SRR5639470
GSM2647160,dvir_TX_f_r3,Drosophila,virilis,RNA-Seq,SRR7243390,SRR5639469
GSM2647159,dvir_TX_f_r2,Drosophila,virilis,RNA-Seq,SRR7243389,SRR5639468
GSM2647158,dvir_TX_f_r1,Drosophila,virilis,RNA-Seq,SRR7243388,SRR5639467
GSM2647157,dvir_RE_m_r3,Drosophila,virilis,RNA-Seq,SRR7243387,SRR5639466
GSM2647156,dvir_RE_m_r2,Drosophila,virilis,RNA-Seq,SRR7243386,SRR5639465
GSM2647155,dvir_RE_m_r1,Drosophila,virilis,RNA-Seq,SRR7243385,SRR5639464
GSM2647154,dvir_RE_f_r3,Drosophila,virilis,RNA-Seq,SRR7243384,SRR5639463
GSM2647153,dvir_RE_f_r2,Drosophila,virilis,RNA-Seq,SRR7243383,SRR5639462
GSM2647152,dvir_RE_f_r1,Drosophila,virilis,RNA-Seq,SRR7243382,SRR5639461
GSM2647151,dvir_HD_m_r3,Drosophila,virilis,RNA-Seq,SRR7243381,SRR5639460
GSM2647150,dvir_HD_m_r2,Drosophila,virilis,RNA-Seq,SRR7243380,SRR5639459
GSM2647149,dvir_HD_m_r1,Drosophila,virilis,RNA-Seq,SRR7243379,SRR5639458
GSM2647148,dvir_HD_f_r3,Drosophila,virilis,RNA-Seq,SRR7243378,SRR5639457
GSM2647147,dvir_HD_f_r2,Drosophila,virilis,RNA-Seq,SRR7243377,SRR5639456
GSM2647146,dvir_HD_f_r1,Drosophila,virilis,RNA-Seq,SRR7243376,SRR5639455
GSM2647145,dvir_GO_m_r3,Drosophila,virilis,RNA-Seq,SRR7243375,SRR5639454
GSM2647144,dvir_GO_m_r2,Drosophila,virilis,RNA-Seq,SRR7243374,SRR5639453
GSM2647143,dvir_GO_m_r1,Drosophila,virilis,RNA-Seq,SRR7243373,SRR5639452
GSM2647142,dvir_GO_f_r3,Drosophila,virilis,RNA-Seq,SRR7243372,SRR5639451
GSM2647141,dvir_GO_f_r2,Drosophila,virilis,RNA-Seq,SRR7243371,SRR5639450
GSM2647140,dvir_GO_f_r1,Drosophila,virilis,RNA-Seq,SRR7243370,SRR5639449
GSM2647139,dvir_DG_m_r3,Drosophila,virilis,RNA-Seq,SRR7243369,SRR5639448
GSM2647138,dvir_DG_m_r2,Drosophila,virilis,RNA-Seq,SRR7243368,SRR5639447
GSM2647137,dvir_DG_m_r1,Drosophila,virilis,RNA-Seq,SRR7243367,SRR5639446
GSM2647136,dvir_DG_f_r3,Drosophila,virilis,RNA-Seq,SRR7243366,SRR5639445
GSM2647135,dvir_DG_f_r2,Drosophila,virilis,RNA-Seq,SRR7243365,SRR5639444
GSM2647134,dvir_DG_f_r1,Drosophila,virilis,RNA-Seq,SRR7243364,SRR5639443
GSM2647133,dvir_AC_m_r3,Drosophila,virilis,RNA-Seq,SRR7243363,SRR5639442
GSM2647132,dvir_AC_m_r2,Drosophila,virilis,RNA-Seq,SRR7243362,SRR5639441
GSM2647131,dvir_AC_m_r1,Drosophila,virilis,RNA-Seq,SRR7243361,SRR5639440
GSM2647130,dvir_AC_f_r3,Drosophila,virilis,RNA-Seq,SRR7243360,SRR5639439
GSM2647129,dvir_AC_f_r2,Drosophila,virilis,RNA-Seq,SRR7243359,SRR5639438
GSM2647128,dvir_AC_f_r1,Drosophila,virilis,RNA-Seq,SRR7243358,SRR5639437
GSM2647127,dpse_WB_m_r3,Drosophila,pseudoobscura,RNA-Seq,SRR7243357,SRR5639436
GSM2647126,dpse_WB_m_r2,Drosophila,pseudoobscura,RNA-Seq,SRR7243356,SRR5639435
GSM2647125,dpse_WB_m_r1,Drosophila,pseudoobscura,RNA-Seq,SRR7243355,SRR5639434
GSM2647124,dpse_WB_f_r3,Drosophila,pseudoobscura,RNA-Seq,SRR7243354,SRR5639433
GSM2647123,dpse_WB_f_r2,Drosophila,pseudoobscura,RNA-Seq,SRR7243353,SRR5639432
GSM2647122,dpse_WB_f_r1,Drosophila,pseudoobscura,RNA-Seq,SRR7243352,SRR5639431
GSM2647121,dpse_TX_m_r3,Drosophila,pseudoobscura,RNA-Seq,SRR7243351,SRR5639430
GSM2647120,dpse_TX_m_r2,Drosophila,pseudoobscura,RNA-Seq,SRR7243350,SRR5639429
GSM2647119,dpse_TX_m_r1,Drosophila,pseudoobscura,RNA-Seq,SRR7243349,SRR5639428
GSM2647118,dpse_TX_f_r3,Drosophila,pseudoobscura,RNA-Seq,SRR7243348,SRR5639427
GSM2647117,dpse_TX_f_r2,Drosophila,pseudoobscura,RNA-Seq,SRR7243347,SRR5639426
GSM2647116,dpse_TX_f_r1,Drosophila,pseudoobscura,RNA-Seq,SRR7243346,SRR5639425
GSM2647115,dpse_RE_m_r3,Drosophila,pseudoobscura,RNA-Seq,SRR7243345,SRR5639424
GSM2647114,dpse_RE_m_r2,Drosophila,pseudoobscura,RNA-Seq,SRR7243344,SRR5639423
GSM2647113,dpse_RE_m_r1,Drosophila,pseudoobscura,RNA-Seq,SRR7243343,SRR5639422
GSM2647112,dpse_RE_f_r3,Drosophila,pseudoobscura,RNA-Seq,SRR7243342,SRR5639421
GSM2647111,dpse_RE_f_r2,Drosophila,pseudoobscura,RNA-Seq,SRR7243341,SRR5639420
GSM2647110,dpse_RE_f_r1,Drosophila,pseudoobscura,RNA-Seq,SRR7243340,SRR5639419
GSM2647109,dpse_HD_m_r3,Drosophila,pseudoobscura,RNA-Seq,SRR7243339,SRR5639418
GSM2647108,dpse_HD_m_r2,Drosophila,pseudoobscura,RNA-Seq,SRR7243338,SRR5639417
GSM2647107,dpse_HD_m_r1,Drosophila,pseudoobscura,RNA-Seq,SRR7243337,SRR5639416
GSM2647106,dpse_HD_f_r3,Drosophila,pseudoobscura,RNA-Seq,SRR7243336,SRR5639415
GSM2647105,dpse_HD_f_r2,Drosophila,pseudoobscura,RNA-Seq,SRR7243335,SRR5639414
GSM2647104,dpse_HD_f_r1,Drosophila,pseudoobscura,RNA-Seq,SRR7243334,SRR5639413
GSM2647103,dpse_GO_m_r3,Drosophila,pseudoobscura,RNA-Seq,SRR7243333,SRR5639412
GSM2647102,dpse_GO_m_r2,Drosophila,pseudoobscura,RNA-Seq,SRR7243332,SRR5639411
GSM2647101,dpse_GO_m_r1,Drosophila,pseudoobscura,RNA-Seq,SRR7243331,SRR5639410
GSM2647100,dpse_GO_f_r3,Drosophila,pseudoobscura,RNA-Seq,SRR7243330,SRR5639409
GSM2647099,dpse_GO_f_r2,Drosophila,pseudoobscura,RNA-Seq,SRR7243329,SRR5639408
GSM2647098,dpse_GO_f_r1,Drosophila,pseudoobscura,RNA-Seq,SRR7243328,SRR5639407
GSM2647097,dpse_DG_m_r3,Drosophila,pseudoobscura,RNA-Seq,SRR7243327,SRR5639406
GSM2647096,dpse_DG_m_r2,Drosophila,pseudoobscura,RNA-Seq,SRR7243326,SRR5639405
GSM2647095,dpse_DG_m_r1,Drosophila,pseudoobscura,RNA-Seq,SRR7243325,SRR5639404
GSM2647094,dpse_DG_f_r3,Drosophila,pseudoobscura,RNA-Seq,SRR7243324,SRR5639403
GSM2647093,dpse_DG_f_r2,Drosophila,pseudoobscura,RNA-Seq,SRR7243323,SRR5639402
GSM2647092,dpse_DG_f_r1,Drosophila,pseudoobscura,RNA-Seq,SRR7243322,SRR5639401
GSM2647091,dpse_AC_m_r3,Drosophila,pseudoobscura,RNA-Seq,SRR7243321,SRR5639400
GSM2647090,dpse_AC_m_r2,Drosophila,pseudoobscura,RNA-Seq,SRR7243320,SRR5639399
GSM2647089,dpse_AC_m_r1,Drosophila,pseudoobscura,RNA-Seq,SRR7243319,SRR5639398
GSM2647088,dpse_AC_f_r3,Drosophila,pseudoobscura,RNA-Seq,SRR7243318,SRR5639397
GSM2647087,dpse_AC_f_r2,Drosophila,pseudoobscura,RNA-Seq,SRR7243317,SRR5639396
GSM2647086,dpse_AC_f_r1,Drosophila,pseudoobscura,RNA-Seq,SRR7243316,SRR5639395
GSM2647085,dper_WB_m_r3,Drosophila,persimilis,RNA-Seq,SRR7243315,SRR5639394
GSM2647084,dper_WB_m_r2,Drosophila,persimilis,RNA-Seq,SRR7243314,SRR5639393
GSM2647083,dper_WB_m_r1,Drosophila,persimilis,RNA-Seq,SRR7243313,SRR5639392
GSM2647082,dper_WB_f_r3,Drosophila,persimilis,RNA-Seq,SRR7243312,SRR5639391
GSM2647081,dper_WB_f_r2,Drosophila,persimilis,RNA-Seq,SRR7243311,SRR5639390
GSM2647080,dper_WB_f_r1,Drosophila,persimilis,RNA-Seq,SRR7243310,SRR5639389
GSM2647079,dper_TX_m_r3,Drosophila,persimilis,RNA-Seq,SRR7243309,SRR5639388
GSM2647078,dper_TX_m_r2,Drosophila,persimilis,RNA-Seq,SRR7243308,SRR5639387
GSM2647077,dper_TX_m_r1,Drosophila,persimilis,RNA-Seq,SRR7243307,SRR5639386
GSM2647076,dper_TX_f_r3,Drosophila,persimilis,RNA-Seq,SRR7243306,SRR5639385
GSM2647075,dper_TX_f_r2,Drosophila,persimilis,RNA-Seq,SRR7243305,SRR5639384
GSM2647074,dper_TX_f_r1,Drosophila,persimilis,RNA-Seq,SRR7243304,SRR5639383
GSM2647073,dper_RE_m_r3,Drosophila,persimilis,RNA-Seq,SRR7243303,SRR5639382
GSM2647072,dper_RE_m_r2,Drosophila,persimilis,RNA-Seq,SRR7243302,SRR5639381
GSM2647071,dper_RE_m_r1,Drosophila,persimilis,RNA-Seq,SRR7243301,SRR5639380
GSM2647070,dper_RE_f_r3,Drosophila,persimilis,RNA-Seq,SRR7243300,SRR5639379
GSM2647069,dper_RE_f_r2,Drosophila,persimilis,RNA-Seq,SRR7243299,SRR5639378
GSM2647068,dper_RE_f_r1,Drosophila,persimilis,RNA-Seq,SRR7243298,SRR5639377
GSM2647067,dper_HD_m_r3,Drosophila,persimilis,RNA-Seq,SRR7243297,SRR5639376
GSM2647066,dper_HD_m_r2,Drosophila,persimilis,RNA-Seq,SRR7243296,SRR5639375
GSM2647065,dper_HD_m_r1,Drosophila,persimilis,RNA-Seq,SRR7243295,SRR5639374
GSM2647064,dper_HD_f_r3,Drosophila,persimilis,RNA-Seq,SRR7243294,SRR5639373
GSM2647063,dper_HD_f_r2,Drosophila,persimilis,RNA-Seq,SRR7243293,SRR5639372
GSM2647062,dper_HD_f_r1,Drosophila,persimilis,RNA-Seq,SRR7243292,SRR5639371
GSM2647061,dper_GO_m_r3,Drosophila,persimilis,RNA-Seq,SRR7243291,SRR5639370
GSM2647060,dper_GO_m_r2,Drosophila,persimilis,RNA-Seq,SRR7243290,SRR5639369
GSM2647059,dper_GO_m_r1,Drosophila,persimilis,RNA-Seq,SRR7243289,SRR5639368
GSM2647058,dper_GO_f_r3,Drosophila,persimilis,RNA-Seq,SRR7243288,SRR5639367
GSM2647057,dper_GO_f_r2,Drosophila,persimilis,RNA-Seq,SRR7243287,SRR5639366
GSM2647056,dper_GO_f_r1,Drosophila,persimilis,RNA-Seq,SRR7243286,SRR5639365
GSM2647055,dper_DG_m_r3,Drosophila,persimilis,RNA-Seq,SRR7243285,SRR5639364
GSM2647054,dper_DG_m_r2,Drosophila,persimilis,RNA-Seq,SRR7243284,SRR5639363
GSM2647053,dper_DG_m_r1,Drosophila,persimilis,RNA-Seq,SRR7243283,SRR5639362
GSM2647052,dper_DG_f_r3,Drosophila,persimilis,RNA-Seq,SRR7243282,SRR5639361
GSM2647051,dper_DG_f_r2,Drosophila,persimilis,RNA-Seq,SRR7243281,SRR5639360
GSM2647050,dper_DG_f_r1,Drosophila,persimilis,RNA-Seq,SRR7243280,SRR5639359
GSM2647049,dper_AC_m_r3,Drosophila,persimilis,RNA-Seq,SRR7243279,SRR5639358
GSM2647048,dper_AC_m_r2,Drosophila,persimilis,RNA-Seq,SRR7243278,SRR5639357
GSM2647047,dper_AC_m_r1,Drosophila,persimilis,RNA-Seq,SRR7243277,SRR5639356
GSM2647046,dper_AC_f_r3,Drosophila,persimilis,RNA-Seq,SRR7243276,SRR5639355
GSM2647045,dper_AC_f_r2,Drosophila,persimilis,RNA-Seq,SRR7243275,SRR5639354
GSM2647044,dper_AC_f_r1,Drosophila,persimilis,RNA-Seq,SRR7243274,SRR5639353
GSM2647043,dmoj_WB_m_r3,Drosophila,mojavensis,RNA-Seq,SRR7243273,SRR5639352
GSM2647042,dmoj_WB_m_r2,Drosophila,mojavensis,RNA-Seq,SRR7243272,SRR5639351
GSM2647041,dmoj_WB_m_r1,Drosophila,mojavensis,RNA-Seq,SRR7243271,SRR5639350
GSM2647040,dmoj_WB_f_r3,Drosophila,mojavensis,RNA-Seq,SRR7243270,SRR5639349
GSM2647039,dmoj_WB_f_r2,Drosophila,mojavensis,RNA-Seq,SRR7243269,SRR5639348
GSM2647038,dmoj_WB_f_r1,Drosophila,mojavensis,RNA-Seq,SRR7243268,SRR5639347
GSM2647037,dmoj_TX_m_r3,Drosophila,mojavensis,RNA-Seq,SRR7243267,SRR5639346
GSM2647036,dmoj_TX_m_r2,Drosophila,mojavensis,RNA-Seq,SRR7243266,SRR5639345
GSM2647035,dmoj_TX_m_r1,Drosophila,mojavensis,RNA-Seq,SRR7243265,SRR5639344
GSM2647034,dmoj_TX_f_r3,Drosophila,mojavensis,RNA-Seq,SRR7243264,SRR5639343
GSM2647033,dmoj_TX_f_r2,Drosophila,mojavensis,RNA-Seq,SRR7243263,SRR5639342
GSM2647032,dmoj_TX_f_r1,Drosophila,mojavensis,RNA-Seq,SRR7243262,SRR5639341
GSM2647031,dmoj_RE_m_r3,Drosophila,mojavensis,RNA-Seq,SRR7243261,SRR5639340
GSM2647030,dmoj_RE_m_r2,Drosophila,mojavensis,RNA-Seq,SRR7243260,SRR5639339
GSM2647029,dmoj_RE_m_r1,Drosophila,mojavensis,RNA-Seq,SRR7243259,SRR5639338
GSM2647028,dmoj_RE_f_r3,Drosophila,mojavensis,RNA-Seq,SRR7243258,SRR5639337
GSM2647027,dmoj_RE_f_r2,Drosophila,mojavensis,RNA-Seq,SRR7243257,SRR5639336
GSM2647026,dmoj_RE_f_r1,Drosophila,mojavensis,RNA-Seq,SRR7243256,SRR5639335
GSM2647025,dmoj_HD_m_r3,Drosophila,mojavensis,RNA-Seq,SRR7243255,SRR5639334
GSM2647024,dmoj_HD_m_r2,Drosophila,mojavensis,RNA-Seq,SRR7243254,SRR5639333
GSM2647023,dmoj_HD_m_r1,Drosophila,mojavensis,RNA-Seq,SRR7243253,SRR5639332
GSM2647022,dmoj_HD_f_r3,Drosophila,mojavensis,RNA-Seq,SRR7243252,SRR5639331
GSM2647021,dmoj_HD_f_r2,Drosophila,mojavensis,RNA-Seq,SRR7243251,SRR5639330
GSM2647020,dmoj_HD_f_r1,Drosophila,mojavensis,RNA-Seq,SRR7243250,SRR5639329
GSM2647019,dmoj_GO_m_r3,Drosophila,mojavensis,RNA-Seq,SRR7243249,SRR5639328
GSM2647018,dmoj_GO_m_r2,Drosophila,mojavensis,RNA-Seq,SRR7243248,SRR5639327
GSM2647017,dmoj_GO_m_r1,Drosophila,mojavensis,RNA-Seq,SRR7243247,SRR5639326
GSM2647016,dmoj_GO_f_r3,Drosophila,mojavensis,RNA-Seq,SRR7243246,SRR5639325
GSM2647015,dmoj_GO_f_r2,Drosophila,mojavensis,RNA-Seq,SRR7243245,SRR5639324
GSM2647014,dmoj_GO_f_r1,Drosophila,mojavensis,RNA-Seq,SRR7243244,SRR5639323
GSM2647013,dmoj_DG_m_r3,Drosophila,mojavensis,RNA-Seq,SRR7243243,SRR5639322
GSM2647012,dmoj_DG_m_r2,Drosophila,mojavensis,RNA-Seq,SRR7243242,SRR5639321
GSM2647011,dmoj_DG_m_r1,Drosophila,mojavensis,RNA-Seq,SRR7243241,SRR5639320
GSM2647010,dmoj_DG_f_r3,Drosophila,mojavensis,RNA-Seq,SRR7243240,SRR5639319
GSM2647009,dmoj_DG_f_r2,Drosophila,mojavensis,RNA-Seq,SRR7243239,SRR5639318
GSM2647008,dmoj_DG_f_r1,Drosophila,mojavensis,RNA-Seq,SRR7243238,SRR5639317
GSM2647007,dmoj_AC_m_r3,Drosophila,mojavensis,RNA-Seq,SRR7243237,SRR5639316
GSM2647006,dmoj_AC_m_r2,Drosophila,mojavensis,RNA-Seq,SRR7243236,SRR5639315
GSM2647005,dmoj_AC_m_r1,Drosophila,mojavensis,RNA-Seq,SRR7243235,SRR5639314
GSM2647004,dmoj_AC_f_r3,Drosophila,mojavensis,RNA-Seq,SRR7243234,SRR5639313
GSM2647003,dmoj_AC_f_r2,Drosophila,mojavensis,RNA-Seq,SRR7243233,SRR5639312
GSM2647002,dmoj_AC_f_r1,Drosophila,mojavensis,RNA-Seq,SRR7243232,SRR5639311
GSM2647001,dana_WB_m_r3,Drosophila,ananassae,RNA-Seq,SRR7243231,SRR5639310
GSM2647000,dana_WB_m_r2,Drosophila,ananassae,RNA-Seq,SRR7243230,SRR5639309
GSM2646999,dana_WB_m_r1,Drosophila,ananassae,RNA-Seq,SRR7243229,SRR5639308
GSM2646998,dana_WB_f_r3,Drosophila,ananassae,RNA-Seq,SRR7243228,SRR5639307
GSM2646997,dana_WB_f_r2,Drosophila,ananassae,RNA-Seq,SRR7243227,SRR5639306
GSM2646996,dana_WB_f_r1,Drosophila,ananassae,RNA-Seq,SRR7243226,SRR5639305
GSM2646995,dana_TX_m_r3,Drosophila,ananassae,RNA-Seq,SRR7243225,SRR5639304
GSM2646994,dana_TX_m_r2,Drosophila,ananassae,RNA-Seq,SRR7243224,SRR5639303
GSM2646993,dana_TX_m_r1,Drosophila,ananassae,RNA-Seq,SRR7243223,SRR5639302
GSM2646992,dana_TX_f_r3,Drosophila,ananassae,RNA-Seq,SRR7243222,SRR5639301
GSM2646991,dana_TX_f_r2,Drosophila,ananassae,RNA-Seq,SRR7243221,SRR5639300
GSM2646990,dana_TX_f_r1,Drosophila,ananassae,RNA-Seq,SRR7243220,SRR5639299
GSM2646989,dana_RE_m_r3,Drosophila,ananassae,RNA-Seq,SRR7243219,SRR5639298
GSM2646988,dana_RE_m_r2,Drosophila,ananassae,RNA-Seq,SRR7243218,SRR5639297
GSM2646987,dana_RE_m_r1,Drosophila,ananassae,RNA-Seq,SRR7243217,SRR5639296
GSM2646986,dana_RE_f_r3,Drosophila,ananassae,RNA-Seq,SRR7243216,SRR5639295
GSM2646985,dana_RE_f_r2,Drosophila,ananassae,RNA-Seq,SRR7243215,SRR5639294
GSM2646984,dana_RE_f_r1,Drosophila,ananassae,RNA-Seq,SRR7243214,SRR5639293
GSM2646983,dana_HD_m_r3,Drosophila,ananassae,RNA-Seq,SRR7243213,SRR5639292
GSM2646982,dana_HD_m_r2,Drosophila,ananassae,RNA-Seq,SRR7243212,SRR5639291
GSM2646981,dana_HD_m_r1,Drosophila,ananassae,RNA-Seq,SRR7243211,SRR5639290
GSM2646980,dana_HD_f_r3,Drosophila,ananassae,RNA-Seq,SRR7243210,SRR5639289
GSM2646979,dana_HD_f_r2,Drosophila,ananassae,RNA-Seq,SRR7243209,SRR5639288
GSM2646978,dana_HD_f_r1,Drosophila,ananassae,RNA-Seq,SRR7243208,SRR5639287
GSM2646977,dana_GO_m_r3,Drosophila,ananassae,RNA-Seq,SRR7243207,SRR5639286
GSM2646976,dana_GO_m_r2,Drosophila,ananassae,RNA-Seq,SRR7243206,SRR5639285
GSM2646975,dana_GO_m_r1,Drosophila,ananassae,RNA-Seq,SRR7243205,SRR5639284
GSM2646974,dana_GO_f_r3,Drosophila,ananassae,RNA-Seq,SRR7243204,SRR5639283
GSM2646973,dana_GO_f_r2,Drosophila,ananassae,RNA-Seq,SRR7243203,SRR5639282
GSM2646972,dana_GO_f_r1,Drosophila,ananassae,RNA-Seq,SRR7243202,SRR5639281
GSM2646971,dana_DG_m_r3,Drosophila,ananassae,RNA-Seq,SRR7243201,SRR5639280
GSM2646970,dana_DG_m_r2,Drosophila,ananassae,RNA-Seq,SRR7243200,SRR5639279
GSM2646969,dana_DG_m_r1,Drosophila,ananassae,RNA-Seq,SRR7243199,SRR5639278
GSM2646968,dana_DG_f_r3,Drosophila,ananassae,RNA-Seq,SRR7243198,SRR5639277
GSM2646967,dana_DG_f_r2,Drosophila,ananassae,RNA-Seq,SRR7243197,SRR5639276
GSM2646966,dana_DG_f_r1,Drosophila,ananassae,RNA-Seq,SRR7243196,SRR5639275
GSM2646965,dana_AC_m_r3,Drosophila,ananassae,RNA-Seq,SRR7243195,SRR5639274
GSM2646964,dana_AC_m_r2,Drosophila,ananassae,RNA-Seq,SRR7243194,SRR5639273
GSM2646963,dana_AC_m_r1,Drosophila,ananassae,RNA-Seq,SRR7243193,SRR5639272
GSM2646962,dana_AC_f_r3,Drosophila,ananassae,RNA-Seq,SRR7243192,SRR5639271
GSM2646961,dana_AC_f_r2,Drosophila,ananassae,RNA-Seq,SRR7243191,SRR5639270
GSM2646960,dana_AC_f_r1,Drosophila,ananassae,RNA-Seq,SRR7243190,SRR5639269
